{
  "before": {
    "correct": 29,
    "total": 30,
    "accuracy": 0.9666666666666667
  },
  "after": {
    "correct": 30,
    "total": 30,
    "accuracy": 1.0
  },
  "delta_accuracy": 0.033333333333333326
}